Workbook
Name Slicer_Family_History: #N/A
Name Slicer_Gender: #N/A

Sheet Data set
A1: Age | B1: Gender | C1: Blood_Sugar_Level | D1: BMI | E1: Medication | F1: Cholesterol | G1: Blood_Pressure | H1: HbA1c | I1: Exercise_Per_Week | J1: Family_History | K1: Smoker | L1: Blood_Pressure - Copy.1 | M1: Blood_Pressure - Copy.2 | N1: Age Range | O1: HbA1C Cat | P1: Chol Cat | Q1: BMI cat
A2: 77 | B2: Male | C2: 155.68 | D2: 25.25 | E2: Sitagliptin | F2: 253 | G2: 134/86 | H2: 4.83 | I2: 7 | J2: No | K2: Yes | L2: 134 | M2: 86 | N2: 71 & above | O2: =_xlfn.IFS('Data set'!$H2<5.7,"Normal",'Data set'!$H2<=6.4,"Prediabetes",'Data set'!$H2<=7.5,"Diabetes",'Data set'!$H2>=7.5,"Uncontrolled") -> Normal | P2: =_xlfn.IFS('Data set'!$F2<120,"Low",'Data set'!$F2<=200,"Normal",'Data set'!$F2<=240,"Boarderline",'Data set'!$F2>=241,"High") -> High | Q2: =_xlfn.IFS('Data set'!$D2<=18.5,"Low",'Data set'!$D2<=24.9,"Normal",'Data set'!$D2<=29.9,"High",'Data set'!$D2>29.9,"Very High") -> High
A3: 51 | B3: Male | C3: 219.35 | D3: 31.82 | E3: Metformin | F3: 266 | G3: 102/64 | H3: 4.89 | I3: 4 | J3: No | K3: Yes | L3: 102 | M3: 64 | N3: 51-60 | O3: =_xlfn.IFS('Data set'!$H3<5.7,"Normal",'Data set'!$H3<=6.4,"Prediabetes",'Data set'!$H3<=7.5,"Diabetes",'Data set'!$H3>=7.5,"Uncontrolled") -> Normal | P3: =_xlfn.IFS('Data set'!$F3<120,"Low",'Data set'!$F3<=200,"Normal",'Data set'!$F3<=240,"Boarderline",'Data set'!$F3>=241,"High") -> High | Q3: =_xlfn.IFS('Data set'!$D3<=18.5,"Low",'Data set'!$D3<=24.9,"Normal",'Data set'!$D3<=29.9,"High",'Data set'!$D3>29.9,"Very High") -> Very High
A4: 39 | B4: Female | C4: 203.62 | D4: 34.22 | E4: Insulin | F4: 158 | G4: 92/80 | H4: 9.2 | I4: 3 | J4: No | K4: No | L4: 92 | M4: 80 | N4: 31-40 | O4: =_xlfn.IFS('Data set'!$H4<5.7,"Normal",'Data set'!$H4<=6.4,"Prediabetes",'Data set'!$H4<=7.5,"Diabetes",'Data set'!$H4>=7.5,"Uncontrolled") -> Uncontrolled | P4: =_xlfn.IFS('Data set'!$F4<120,"Low",'Data set'!$F4<=200,"Normal",'Data set'!$F4<=240,"Boarderline",'Data set'!$F4>=241,"High") -> Normal | Q4: =_xlfn.IFS('Data set'!$D4<=18.5,"Low",'Data set'!$D4<=24.9,"Normal",'Data set'!$D4<=29.9,"High",'Data set'!$D4>29.9,"Very High") -> Very High
A5: 60 | B5: Male | C5: 126.06 | D5: 39.88 | E5: Metformin | F5: 149 | G5: 115/73 | H5: 5.21 | I5: 4 | J5: Yes | K5: Yes | L5: 115 | M5: 73 | N5: 51-60 | O5: =_xlfn.IFS('Data set'!$H5<5.7,"Normal",'Data set'!$H5<=6.4,"Prediabetes",'Data set'!$H5<=7.5,"Diabetes",'Data set'!$H5>=7.5,"Uncontrolled") -> Normal | P5: =_xlfn.IFS('Data set'!$F5<120,"Low",'Data set'!$F5<=200,"Normal",'Data set'!$F5<=240,"Boarderline",'Data set'!$F5>=241,"High") -> Normal | Q5: =_xlfn.IFS('Data set'!$D5<=18.5,"Low",'Data set'!$D5<=24.9,"Normal",'Data set'!$D5<=29.9,"High",'Data set'!$D5>29.9,"Very High") -> Very High
A6: 76 | B6: Female | C6: 120.45 | D6: 27.74 | E6: Glipizide | F6: 254 | G6: 121/73 | H6: 7.56 | I6: 2 | J6: No | K6: No | L6: 121 | M6: 73 | N6: 71 & above | O6: =_xlfn.IFS('Data set'!$H6<5.7,"Normal",'Data set'!$H6<=6.4,"Prediabetes",'Data set'!$H6<=7.5,"Diabetes",'Data set'!$H6>=7.5,"Uncontrolled") -> Uncontrolled | P6: =_xlfn.IFS('Data set'!$F6<120,"Low",'Data set'!$F6<=200,"Normal",'Data set'!$F6<=240,"Boarderline",'Data set'!$F6>=241,"High") -> High | Q6: =_xlfn.IFS('Data set'!$D6<=18.5,"Low",'Data set'!$D6<=24.9,"Normal",'Data set'!$D6<=29.9,"High",'Data set'!$D6>29.9,"Very High") -> High
A7: 19 | B7: Female | C7: 106.09 | D7: 22.48 | E7: Metformin | F7: 150 | G7: 123/85 | H7: 9.04 | I7: 2 | J7: Yes | K7: No | L7: 123 | M7: 85 | N7: 0-30 | O7: =_xlfn.IFS('Data set'!$H7<5.7,"Normal",'Data set'!$H7<=6.4,"Prediabetes",'Data set'!$H7<=7.5,"Diabetes",'Data set'!$H7>=7.5,"Uncontrolled") -> Uncontrolled | P7: =_xlfn.IFS('Data set'!$F7<120,"Low",'Data set'!$F7<=200,"Normal",'Data set'!$F7<=240,"Boarderline",'Data set'!$F7>=241,"High") -> Normal | Q7: =_xlfn.IFS('Data set'!$D7<=18.5,"Low",'Data set'!$D7<=24.9,"Normal",'Data set'!$D7<=29.9,"High",'Data set'!$D7>29.9,"Very High") -> Normal
A8: 29 | B8: Male | C8: 287.52 | D8: 19.72 | E8: Glipizide | F8: 179 | G8: 119/70 | H8: 5.98 | I8: 1 | J8: Yes | K8: Yes | L8: 119 | M8: 70 | N8: 0-30 | O8: =_xlfn.IFS('Data set'!$H8<5.7,"Normal",'Data set'!$H8<=6.4,"Prediabetes",'Data set'!$H8<=7.5,"Diabetes",'Data set'!$H8>=7.5,"Uncontrolled") -> Prediabetes | P8: =_xlfn.IFS('Data set'!$F8<120,"Low",'Data set'!$F8<=200,"Normal",'Data set'!$F8<=240,"Boarderline",'Data set'!$F8>=241,"High") -> Normal | Q8: =_xlfn.IFS('Data set'!$D8<=18.5,"Low",'Data set'!$D8<=24.9,"Normal",'Data set'!$D8<=29.9,"High",'Data set'!$D8>29.9,"Very High") -> Normal
A9: 21 | B9: Female | C9: 168.81 | D9: 30.75 | E9: Metformin | F9: 232 | G9: 120/83 | H9: 4.04 | I9: 6 | J9: Yes | K9: Yes | L9: 120 | M9: 83 | N9: 0-30 | O9: =_xlfn.IFS('Data set'!$H9<5.7,"Normal",'Data set'!$H9<=6.4,"Prediabetes",'Data set'!$H9<=7.5,"Diabetes",'Data set'!$H9>=7.5,"Uncontrolled") -> Normal | P9: =_xlfn.IFS('Data set'!$F9<120,"Low",'Data set'!$F9<=200,"Normal",'Data set'!$F9<=240,"Boarderline",'Data set'!$F9>=241,"High") -> Boarderline | Q9: =_xlfn.IFS('Data set'!$D9<=18.5,"Low",'Data set'!$D9<=24.9,"Normal",'Data set'!$D9<=29.9,"High",'Data set'!$D9>29.9,"Very High") -> Very High
A10: 68 | B10: Female | C10: 91.95 | D10: 34.71 | E10: Metformin | F10: 222 | G10: 93/85 | H10: 9.52 | I10: 1 | J10: No | K10: No | L10: 93 | M10: 85 | N10: 61-70 | O10: =_xlfn.IFS('Data set'!$H10<5.7,"Normal",'Data set'!$H10<=6.4,"Prediabetes",'Data set'!$H10<=7.5,"Diabetes",'Data set'!$H10>=7.5,"Uncontrolled") -> Uncontrolled | P10: =_xlfn.IFS('Data set'!$F10<120,"Low",'Data set'!$F10<=200,"Normal",'Data set'!$F10<=240,"Boarderline",'Data set'!$F10>=241,"High") -> Boarderline | Q10: =_xlfn.IFS('Data set'!$D10<=18.5,"Low",'Data set'!$D10<=24.9,"Normal",'Data set'!$D10<=29.9,"High",'Data set'!$D10>29.9,"Very High") -> Very High
A11: 46 | B11: Female | C11: 245.84 | D11: 27.47 | E11: Insulin | F11: 147 | G11: 98/60 | H11: 7.43 | I11: 6 | J11: No | K11: Yes | L11: 98 | M11: 60 | N11: 41-50 | O11: =_xlfn.IFS('Data set'!$H11<5.7,"Normal",'Data set'!$H11<=6.4,"Prediabetes",'Data set'!$H11<=7.5,"Diabetes",'Data set'!$H11>=7.5,"Uncontrolled") -> Diabetes | P11: =_xlfn.IFS('Data set'!$F11<120,"Low",'Data set'!$F11<=200,"Normal",'Data set'!$F11<=240,"Boarderline",'Data set'!$F11>=241,"High") -> Normal | Q11: =_xlfn.IFS('Data set'!$D11<=18.5,"Low",'Data set'!$D11<=24.9,"Normal",'Data set'!$D11<=29.9,"High",'Data set'!$D11>29.9,"Very High") -> High
A12: 80 | B12: Female | C12: 80.26 | D12: 26.49 | E12: Metformin | F12: 252 | G12: 109/63 | H12: 5.4 | I12: 4 | J12: Yes | K12: No | L12: 109 | M12: 63 | N12: 71 & above | O12: =_xlfn.IFS('Data set'!$H12<5.7,"Normal",'Data set'!$H12<=6.4,"Prediabetes",'Data set'!$H12<=7.5,"Diabetes",'Data set'!$H12>=7.5,"Uncontrolled") -> Normal | P12: =_xlfn.IFS('Data set'!$F12<120,"Low",'Data set'!$F12<=200,"Normal",'Data set'!$F12<=240,"Boarderline",'Data set'!$F12>=241,"High") -> High | Q12: =_xlfn.IFS('Data set'!$D12<=18.5,"Low",'Data set'!$D12<=24.9,"Normal",'Data set'!$D12<=29.9,"High",'Data set'!$D12>29.9,"Very High") -> High
A13: 59 | B13: Male | C13: 233.47 | D13: 31.75 | E13: Glipizide | F13: 281 | G13: 101/60 | H13: 6.06 | I13: 6 | J13: Yes | K13: Yes | L13: 101 | M13: 60 | N13: 51-60 | O13: =_xlfn.IFS('Data set'!$H13<5.7,"Normal",'Data set'!$H13<=6.4,"Prediabetes",'Data set'!$H13<=7.5,"Diabetes",'Data set'!$H13>=7.5,"Uncontrolled") -> Prediabetes | P13: =_xlfn.IFS('Data set'!$F13<120,"Low",'Data set'!$F13<=200,"Normal",'Data set'!$F13<=240,"Boarderline",'Data set'!$F13>=241,"High") -> High | Q13: =_xlfn.IFS('Data set'!$D13<=18.5,"Low",'Data set'!$D13<=24.9,"Normal",'Data set'!$D13<=29.9,"High",'Data set'!$D13>29.9,"Very High") -> Very High
... A1201: 22 | B1201: Male | C1201: 166.47 | D1201: 21.59 | E1201: Insulin | F1201: 154 | G1201: 96/71 | H1201: 7.06 | I1201: 2 | J1201: Yes | K1201: No | L1201: 96 | M1201: 71 | N1201: 0-30 | O1201: =_xlfn.IFS('Data set'!$H1201<5.7,"Normal",'Data set'!$H1201<=6.4,"Prediabetes",'Data set'!$H1201<=7.5,"Diabetes",'Data set'!$H1201>=7.5,"Uncontrolled") -> Diabetes | P1201: =_xlfn.IFS('Data set'!$F1201<120,"Low",'Data set'!$F1201<=200,"Normal",'Data set'!$F1201<=240,"Boarderline",'Data set'!$F1201>=241,"High") -> Normal | Q1201: =_xlfn.IFS('Data set'!$D1201<=18.5,"Low",'Data set'!$D1201<=24.9,"Normal",'Data set'!$D1201<=29.9,"High",'Data set'!$D1201>29.9,"Very High") -> Normal

Sheet Brief
A3: Business Problem:
A4: Diabetes is often accompanied by hypertension and high cholesterol. Healthcare providers need to understand:
A5: - Which age group and gender is most at risk?
A6: - Which medication is most effective?
A7: - How do lifestyle factors (Exercise, Smoking) and Family History affect HbA1c?
A8: - What is the co-occurrence of obesity and hypertension in diabetic patients?
A10: Objectives:
A11: - Track overall diabetes control using HbA1c and Blood Sugar Level.
A12: - Compare average BMI, Cholesterol, and Blood Pressure across Age_Range and Gender.
A13: - Analyze medication distribution and effectiveness.
A14: - Assess impact of Family History, Smoking, and Exercise_Per_Week on diabetes indicators.
A15: - Identify patients with uncontrolled diabetes (HbA1c > 7.0%).

Sheet Report
A1: KPIs to Track:
A2: - Total Patients
A3: - Average Blood Sugar Level, Average BMI, Average Cholesterol
A4: - Average HbA1c (Primary Diabetes Indicator)
A5: - Average Blood Pressure (Systolic / Diastolic)
A6: - % Smokers, % With Family History
A7: Uncontrolled Diabetes (HbA1c > 7.5%)
A9: Visuals to Build :
A10: HbA1c Category vs Patient Count
A11: Age_Range vs Avg Blood Sugar / HbA1c
A12: Medication vs Avg HbA1c
A13: BMI Category vs Avg Cholesterol
... A17: Gender by BMI & Blood Sugar

Sheet PT
C2: Total Patients by HbA1C | G2: Family_History vs Avg Blood Sugar
A3: Total Patients | C3: Row Labels | D3: Total Patients | G3: Row Labels | H3: Average of Blood_Sugar_Level
A4: 1200 | C4: Diabetes | D4: 220 | G4: No | H4: 187.75039
A5: =GETPIVOTDATA("Age",$A$3) -> 1200 | C5: Normal | D5: 364 | G5: Yes | H5: 182.37966
C6: Prediabetes | D6: 103 | G6: Grand Total | H6: 185.10083
A7: Average of BMI | C7: Uncontrolled | D7: 513
A8: 28.858183 | C8: Grand Total | D8: 1200
A9: =GETPIVOTDATA("BMI",$A$7) -> 28.858183 | G9: Exercise_Per_Week vs Avg HbA1c
A10: Average of HbA1c | C10: Age Range by by HbA1C AVG | G10: Row Labels | H10: Average of HbA1c | J10: Exercise_Per_Week vs Avg HbA1c
A11: 6.995925 | C11: Row Labels | D11: Average of HbA1c | G11: 0 | H11: 7.0964286 | J11: Row Labels | K11: Average of HbA1c
A12: =GETPIVOTDATA("HbA1c",$A$10) -> 6.995925 | C12: 0-30 | D12: 6.9576923 | G12: 1 | H12: 6.8903008 | J12: 0 | K12: 7.0964286
C13: 31-40 | D13: 6.8224324 | G13: 2 | H13: 6.9016547 | J13: 1 | K13: 6.8903008
A14: Average of Blood_Sugar_Level | C14: 41-50 | D14: 7.2564 | G14: 3 | H14: 6.9698639 | J14: 2 | K14: 6.9016547
A15: 185.10083 | C15: 51-60 | D15: 6.9824186 | G15: 4 | H15: 7.0685 | J15: 3 | K15: 6.9698639
C16: 61-70 | D16: 7.0500538 | G16: 5 | H16: 7.0821192 | J16: 4 | K16: 7.0685
C17: 71 & above | D17: 6.8898204 | G17: 6 | H17: 6.9233544 | J17: 5 | K17: 7.0821192
A18: Average of Cholesterol | C18: Grand Total | D18: 6.995925 | G18: 7 | H18: 7.0107595 | J18: 6 | K18: 6.9233544
A19: 201.57167 | G19: Grand Total | H19: 6.995925 | J19: 7 | K19: 7.0107595
A20: =GETPIVOTDATA("Cholesterol",$A$18) -> 201.57167 | C20: Medication vs Avg HbA1c | J20: Grand Total | K20: 6.995925
C21: Row Labels | D21: Average of HbA1c
C22: Glipizide | D22: 7.0325081 | G22: Smoker vs Avg Cholesterol & BP
C23: Insulin | D23: 6.9324918 | G23: Row Labels | H23: Avg of Cholesterol | I23: Avg of Systolic BP
C24: Metformin | D24: 7.0256552 | G24: No | H24: 203.09817 | I24: 113.79867
C25: Sitagliptin | D25: 6.9942282 | G25: Yes | H25: 200.04007 | I25: 115.35893
C26: Grand Total | D26: 6.995925 | G26: Grand Total | H26: 201.57167 | I26: 114.5775
C28: BMI Category vs Avg Cholesterol
C29: Row Labels | D29: Average of Cholesterol | G29: Gender vs BMI & Blood Sugar
C30: High | D30: 204.31852 | G30: Row Labels | H30: Avg of BMI | I30: Avg of BS Level
C31: Low | D31: 201.82759 | G31: Female | H31: 28.926051 | I31: 184.47242
C32: Normal | D32: 199.89665 | G32: Male | H32: 28.792541 | I32: 185.70864
C33: Very High | D33: 201.2965 | G33: Grand Total | H33: 28.858183 | I33: 185.10083
C34: Grand Total | D34: 201.57167

Sheet Dashboard

Sheet Recommendation
A1: RECOMMENDATIONS
A3: Based on the analysis of 1,200 patients, the following actions are recommended:
A5: Prioritize Uncontrolled Patients
A6: 42.7% of patients (513 out of 1,200) are uncontrolled. Create a high-risk register for these patients for weekly follow-up, medication adherence checks, and nutrition counseling.
A8: Focus on Age 40-60
A9: Patients aged 41-50 have the highest average HbA1c at 7.26%. Implement mandatory HbA1c screening every 3 months for patients aged 40-60 and launch targeted lifestyle programs for this group.
A11: Implement Gender-Specific Care
A12: Females present with higher BMI (28.93) while males present with higher blood sugar (185.7 mg/dL).
A13: - Females should be prioritized for weight management and cholesterol control programs.
A14: - Males should be prioritized for intensive blood sugar monitoring and carbohydrate control.
A16: Integrate Obesity and Cholesterol Management
A17: High BMI patients have the highest cholesterol at 204.3 mg/dL. Diabetes treatment should not be in isolation. All patients with High and Very High BMI should be automatically screened and treated for high cholesterol and cardiovascular risk.
... A36: This approach will reduce average HbA1c below 7.0%, lower blood sugar below 180 mg/dL, and significantly reduce cardiovascular complications.
